{
  "cv_scores": [
    0.8447772501195432,
    0.8556145693389428,
    0.8495963429055502,
    0.8333079295995335,
    0.8493902382045393
  ],
  "mean_score": 0.8465372660336218,
  "std_score": 0.007456645831971561,
  "best_score": 0.8556145693389428,
  "config": {
    "batch_size": 32,
    "learning_rate": 0.0001,
    "weight_decay": 0.0001,
    "max_epochs": 120,
    "patience": 20,
    "dropout": 0.3,
    "label_smoothing": 0.15,
    "focal_gamma": 2.5,
    "mixup_alpha": 0.3,
    "use_angular_velocity": true,
    "use_angular_distance": true,
    "use_statistical_features": true,
    "window_size": 10,
    "n_folds": 5,
    "seed": 42,
    "device": "cuda",
    "num_workers": 4
  }
}