{
  "cv_scores": [
    0.8250564131914673,
    0.8300410231183533,
    0.8374602659303068,
    0.8277204971974234,
    0.8301722172354862
  ],
  "mean_score": 0.8300900833346073,
  "std_score": 0.004129927794717901,
  "best_score": 0.8374602659303068,
  "config": {
    "max_sequence_length": 64,
    "batch_size": 32,
    "learning_rate": 0.0001,
    "weight_decay": 0.0001,
    "max_epochs": 120,
    "patience": 20,
    "dropout": 0.3,
    "label_smoothing": 0.15,
    "focal_gamma": 2.5,
    "mixup_alpha": 0.3,
    "n_folds": 5,
    "seed": 42,
    "device": "cuda",
    "num_workers": 4
  }
}